[
    {
        "cname": "AAAMusic",
        "link": "http://8.21.48.26:7777/AAAMusic.m3u8?session=$GL-Sesession$&hlsid=HLS_2487419",
        "id": 1,
        "title": "Low"
    },
    {
        "cname": "ABN",
        "link": "http://8.21.48.26:7777/ABN.m3u8?session=$GL-Sesession$&hlsid=HLS_2487419",
        "id": 2,
        "title": "Low"
    },
    {
        "cname": "Aden",
        "link": "http://8.21.48.26:7777/Aden.m3u8?session=$GL-Sesession$&hlsid=HLS_2487419",
        "id": 3,
        "title": "Low"
    },
    {
        "cname": "Abu Dhabi Sports 1",
        "link": "http://8.21.48.26:7777/ADSport.m3u8?session=$GL-Sesession$&hlsid=HLS_2487419",
        "id": 4,
        "title": "Low"
    },
    {
        "cname": "Aghanina",
        "link": "http://8.21.48.26:7777/Aghanina.m3u8?session=$GL-Sesession$&hlsid=HLS_2487419",
        "id": 5,
        "title": "Low"
    },
    {
        "cname": "Ajman",
        "link": "http://8.21.48.26:7777/Ajman.m3u8?session=$GL-Sesession$&hlsid=HLS_2487419",
        "id": 6,
        "title": "Low"
    },
    {
        "cname": "Ajyal",
        "link": "http://8.21.48.26:7777/AjyalTV.m3u8?session=$GL-Sesession$&hlsid=HLS_2487419",
        "id": 7,
        "title": "Low"
    },
    {
        "cname": "Al Adala",
        "link": "http://8.21.48.26:7777/AlAdala.m3u8?session=$GL-Sesession$&hlsid=HLS_2487419",
        "id": 8,
        "title": "Low"
    },
    {
        "cname": "Libya",
        "link": "http://8.21.48.26:7777/AlAhrar.m3u8?session=$GL-Sesession$&hlsid=HLS_2487419",
        "id": 9,
        "title": "Low"
    },
    {
        "cname": "Al Amaken Drama",
        "link": "http://8.21.48.26:7777/AlAmakenDrama.m3u8?session=$GL-Sesession$&hlsid=HLS_2487419",
        "id": 10,
        "title": "Low"
    },
    {
        "cname": "Al Anwar",
        "link": "http://8.21.48.26:7777/AlAnwar.m3u8?session=$GL-Sesession$&hlsid=HLS_2487419",
        "id": 11,
        "title": "Low"
    },
    {
        "cname": "Al oula Maroc",
        "link": "http://8.21.48.26:7777/AlAoulaEurope.m3u8?session=$GL-Sesession$&hlsid=HLS_2487419",
        "id": 12,
        "title": "Low"
    },
    {
        "cname": "AlBabeleyia",
        "link": "http://8.21.48.26:7777/AlBabeleyia.m3u8?session=$GL-Sesession$&hlsid=HLS_2487419",
        "id": 13,
        "title": "Low"
    },
    {
        "cname": "Al Baghdadia",
        "link": "http://8.21.48.26:7777/AlBaghdadia.m3u8?session=$GL-Sesession$&hlsid=HLS_2487419",
        "id": 14,
        "title": "Low"
    },
    {
        "cname": "alkass",
        "link": "http://8.21.48.26:7777/AlDawriAlKassSport.m3u8?session=$GL-Sesession$&hlsid=HLS_2487419",
        "id": 15,
        "title": "Low"
    },
    {
        "cname": "Aldiyar",
        "link": "http://8.21.48.26:7777/AldiyarSat.m3u8?session=$GL-Sesession$&hlsid=HLS_2487419",
        "id": 16,
        "title": "Low"
    },
    {
        "cname": "Al Ikhbaria",
        "link": "http://8.21.48.26:7777/AlEkhbariya.m3u8?session=$GL-Sesession$&hlsid=HLS_2487419",
        "id": 17,
        "title": "Low"
    },
    {
        "cname": "Al Eman",
        "link": "http://8.21.48.26:7777/AlEman.m3u8?session=$GL-Sesession$&hlsid=HLS_2487419",
        "id": 18,
        "title": "Low"
    },
    {
        "cname": "Al Eqtisadiyah",
        "link": "http://8.21.48.26:7777/AlEqtisadiyah.m3u8?session=$GL-Sesession$&hlsid=HLS_2487419",
        "id": 19,
        "title": "Low"
    },
    {
        "cname": "Al Fayhaa",
        "link": "http://8.21.48.26:7777/AlFayhaa.m3u8?session=$GL-Sesession$&hlsid=HLS_2487419",
        "id": 20,
        "title": "Low"
    },
    {
        "cname": "Al Forat",
        "link": "http://8.21.48.26:7777/AlForat.m3u8?session=$GL-Sesession$&hlsid=HLS_2487419",
        "id": 21,
        "title": "Low"
    },
    {
        "cname": "Al Haqeeqa",
        "link": "http://8.21.48.26:7777/AlHaqeeqa.m3u8?session=$GL-Sesession$&hlsid=HLS_2487419",
        "id": 22,
        "title": "Low"
    },
    {
        "cname": "Al Hiwar",
        "link": "http://8.21.48.26:7777/AlHiwar.m3u8?session=$GL-Sesession$&hlsid=HLS_2487419",
        "id": 23,
        "title": "Low"
    },
    {
        "cname": "Al-hurra Iraq",
        "link": "http://8.21.48.26:7777/AlhurraIraq.m3u8?session=$GL-Sesession$&hlsid=HLS_2487419",
        "id": 24,
        "title": "Low"
    },
    {
        "cname": "Al Iraqiya Documentary",
        "link": "http://8.21.48.26:7777/AlIraqAlTarbawiyah.m3u8?session=$GL-Sesession$&hlsid=HLS_2487419",
        "id": 25,
        "title": "Low"
    },
    {
        "cname": "Aliraqiya",
        "link": "http://8.21.48.26:7777/AlIraqiya.m3u8?session=$GL-Sesession$&hlsid=HLS_2487419",
        "id": 26,
        "title": "Low"
    },
    {
        "cname": "AlJazeera",
        "link": "http://8.21.48.26:7777/AlJazeera.m3u8?session=$GL-Sesession$&hlsid=HLS_2487419",
        "id": 27,
        "title": "Low"
    },
    {
        "cname": "Aljazeera En",
        "link": "http://8.21.48.26:7777/AlJazeeraEnglish.m3u8?session=$GL-Sesession$&hlsid=HLS_2487419",
        "id": 28,
        "title": "Low"
    },
    {
        "cname": "Alkarama_Christian",
        "link": "http://8.21.48.26:7777/AlKarma.m3u8?session=$GL-Sesession$&hlsid=HLS_2487419",
        "id": 29,
        "title": "Low"
    },
    {
        "cname": "Al Kout",
        "link": "http://8.21.48.26:7777/AlKout.m3u8?session=$GL-Sesession$&hlsid=HLS_2487419",
        "id": 30,
        "title": "Low"
    },
    {
        "cname": "Al Maghribia",
        "link": "http://8.21.48.26:7777/AlMaghribia.m3u8?session=$GL-Sesession$&hlsid=HLS_2487419",
        "id": 31,
        "title": "Low"
    },
    {
        "cname": "Al Majd",
        "link": "http://8.21.48.26:7777/AlmajdSpace.m3u8?session=$GL-Sesession$&hlsid=HLS_2487419",
        "id": 32,
        "title": "Low"
    },
    {
        "cname": "AlMalakot",
        "link": "http://8.21.48.26:7777/AlMalakot.m3u8?session=$GL-Sesession$&hlsid=HLS_2487419",
        "id": 33,
        "title": "Low"
    },
    {
        "cname": "Al Manar",
        "link": "http://8.21.48.26:7777/AlManar.m3u8?session=$GL-Sesession$&hlsid=HLS_2487419",
        "id": 34,
        "title": "Low"
    },
    {
        "cname": "Almas",
        "link": "http://8.21.48.26:7777/AlMas.m3u8?session=$GL-Sesession$&hlsid=HLS_2487419",
        "id": 35,
        "title": "Low"
    },
    {
        "cname": "Al Masar",
        "link": "http://8.21.48.26:7777/AlMasar.m3u8?session=$GL-Sesession$&hlsid=HLS_2487419",
        "id": 36,
        "title": "Low"
    },
    {
        "cname": "Al Masriyah",
        "link": "http://8.21.48.26:7777/AlMasriyah.m3u8?session=$GL-Sesession$&hlsid=HLS_2487419",
        "id": 37,
        "title": "Low"
    },
    {
        "cname": "AlMukhales",
        "link": "http://8.21.48.26:7777/AlMukhales.m3u8?session=$GL-Sesession$&hlsid=HLS_2487419",
        "id": 38,
        "title": "Low"
    },
    {
        "cname": "Al Moustakilla",
        "link": "http://8.21.48.26:7777/AlMustakila.m3u8?session=$GL-Sesession$&hlsid=HLS_2487419",
        "id": 39,
        "title": "Low"
    },
    {
        "cname": "Al Ordonia",
        "link": "http://8.21.48.26:7777/AlOrdoni.m3u8?session=$GL-Sesession$&hlsid=HLS_2487419",
        "id": 40,
        "title": "Low"
    },
    {
        "cname": "Alqudis",
        "link": "http://8.21.48.26:7777/Alquds.m3u8?session=$GL-Sesession$&hlsid=HLS_2487419",
        "id": 41,
        "title": "Low"
    },
    {
        "cname": "Quran TV ksa",
        "link": "http://8.21.48.26:7777/AlQuran.m3u8?session=$GL-Sesession$&hlsid=HLS_2487419",
        "id": 42,
        "title": "Low"
    },
    {
        "cname": "Al Rafidain",
        "link": "http://8.21.48.26:7777/AlRafidain.m3u8?session=$GL-Sesession$&hlsid=HLS_2487419",
        "id": 43,
        "title": "Low"
    },
    {
        "cname": "Alrai",
        "link": "http://8.21.48.26:7777/Alrai.m3u8?session=$GL-Sesession$&hlsid=HLS_2487419",
        "id": 44,
        "title": "Low"
    },
    {
        "cname": "Al Rasheed",
        "link": "http://8.21.48.26:7777/AlRasheed.m3u8?session=$GL-Sesession$&hlsid=HLS_2487419",
        "id": 45,
        "title": "Low"
    },
    {
        "cname": "Al-Resalah",
        "link": "http://8.21.48.26:7777/AlResala.m3u8?session=$GL-Sesession$&hlsid=HLS_2487419",
        "id": 46,
        "title": "Low"
    },
    {
        "cname": "Saudia Sport",
        "link": "http://8.21.48.26:7777/AlRiyadiah.m3u8?session=$GL-Sesession$&hlsid=HLS_2487419",
        "id": 47,
        "title": "Low"
    },
    {
        "cname": "Al Sabah",
        "link": "http://8.21.48.26:7777/AlSabah.m3u8?session=$GL-Sesession$&hlsid=HLS_2487419",
        "id": 48,
        "title": "Low"
    },
    {
        "cname": "Al sahraa",
        "link": "http://8.21.48.26:7777/AlSahraa.m3u8?session=$GL-Sesession$&hlsid=HLS_2487419",
        "id": 49,
        "title": "Low"
    },
    {
        "cname": "Al Shaab",
        "link": "http://8.21.48.26:7777/AlShaab.m3u8?session=$GL-Sesession$&hlsid=HLS_2487419",
        "id": 50,
        "title": "Low"
    },
    {
        "cname": "Al Sharqiya",
        "link": "http://8.21.48.26:7777/AlSharqiya.m3u8?session=$GL-Sesession$&hlsid=HLS_2487419",
        "id": 51,
        "title": "Low"
    },
    {
        "cname": "Al Sharqiya News",
        "link": "http://8.21.48.26:7777/AlsharqiyaNews.m3u8?session=$GL-Sesession$&hlsid=HLS_2487419",
        "id": 52,
        "title": "Low"
    },
    {
        "cname": "Al Sumaria",
        "link": "http://8.21.48.26:7777/Alsumaria.m3u8?session=$GL-Sesession$&hlsid=HLS_2487419",
        "id": 53,
        "title": "Low"
    },
    {
        "cname": "Asunnah TV",
        "link": "http://8.21.48.26:7777/AlSunnah.m3u8?session=$GL-Sesession$&hlsid=HLS_2487419",
        "id": 54,
        "title": "Low"
    },
    {
        "cname": "Al Thakafiyah",
        "link": "http://8.21.48.26:7777/AlThakafiyah.m3u8?session=$GL-Sesession$&hlsid=HLS_2487419",
        "id": 55,
        "title": "Low"
    },
    {
        "cname": "Egypt 2",
        "link": "http://8.21.48.26:7777/AlThanya.m3u8?session=$GL-Sesession$&hlsid=HLS_2487419",
        "id": 56,
        "title": "Low"
    },
    {
        "cname": "alwatan",
        "link": "http://8.21.48.26:7777/Alwatan.m3u8?session=$GL-Sesession$&hlsid=HLS_2487419",
        "id": 57,
        "title": "Low"
    },
    {
        "cname": "Alwatan Plus",
        "link": "http://8.21.48.26:7777/AlwatanPlus.m3u8?session=$GL-Sesession$&hlsid=HLS_2487419",
        "id": 58,
        "title": "Low"
    },
    {
        "cname": "Alaqsa",
        "link": "http://8.21.48.26:7777/AqsaSatCh.m3u8?session=$GL-Sesession$&hlsid=HLS_2487419",
        "id": 59,
        "title": "Low"
    },
    {
        "cname": "Arrabia",
        "link": "http://8.21.48.26:7777/Arrabiaa.m3u8?session=$GL-Sesession$&hlsid=HLS_2487419",
        "id": 60,
        "title": "Low"
    },
    {
        "cname": "Alriadia Sport",
        "link": "http://8.21.48.26:7777/Arryadia.m3u8?session=$GL-Sesession$&hlsid=HLS_2487419",
        "id": 61,
        "title": "Low"
    },
    {
        "cname": "Assadissa",
        "link": "http://8.21.48.26:7777/Assadissa.m3u8?session=$GL-Sesession$&hlsid=HLS_2487419",
        "id": 62,
        "title": "Low"
    },
    {
        "cname": "Baghdad",
        "link": "http://8.21.48.26:7777/Baghdad.m3u8?session=$GL-Sesession$&hlsid=HLS_2487419",
        "id": 63,
        "title": "Low"
    },
    {
        "cname": "Bahrain",
        "link": "http://8.21.48.26:7777/Bahrain.m3u8?session=$GL-Sesession$&hlsid=HLS_2487419",
        "id": 64,
        "title": "Low"
    },
    {
        "cname": "BAHRAIN SPORTS",
        "link": "http://8.21.48.26:7777/BahrainSport.m3u8?session=$GL-Sesession$&hlsid=HLS_2487419",
        "id": 65,
        "title": "Low"
    },
    {
        "cname": "BBC Arabic",
        "link": "http://8.21.48.26:7777/BBCArabic.m3u8?session=$GL-Sesession$&hlsid=HLS_2487419",
        "id": 66,
        "title": "Low"
    },
    {
        "cname": "Beladi",
        "link": "http://8.21.48.26:7777/Beladi.m3u8?session=$GL-Sesession$&hlsid=HLS_2487419",
        "id": 67,
        "title": "Low"
    },
    {
        "cname": "Blue Nile",
        "link": "http://8.21.48.26:7777/BlueNile.m3u8?session=$GL-Sesession$&hlsid=HLS_2487419",
        "id": 68,
        "title": "Low"
    },
    {
        "cname": "AlGeria",
        "link": "http://8.21.48.26:7777/CanalAlgerie.m3u8?session=$GL-Sesession$&hlsid=HLS_2487419",
        "id": 69,
        "title": "Low"
    },
    {
        "cname": "CCTV Arabic",
        "link": "http://8.21.48.26:7777/CCTVArabia.m3u8?session=$GL-Sesession$&hlsid=HLS_2487419",
        "id": 70,
        "title": "Low"
    },
    {
        "cname": "Coptic_Christian",
        "link": "http://8.21.48.26:7777/CTVEgypt.m3u8?session=$GL-Sesession$&hlsid=HLS_2487419",
        "id": 71,
        "title": "Low"
    },
    {
        "cname": "DM",
        "link": "http://8.21.48.26:7777/DM.m3u8?session=$GL-Sesession$&hlsid=HLS_2487419",
        "id": 72,
        "title": "Low"
    },
    {
        "cname": "DW Arabic",
        "link": "http://8.21.48.26:7777/DWTVArabia.m3u8?session=$GL-Sesession$&hlsid=HLS_2487419",
        "id": 73,
        "title": "Low"
    },
    {
        "cname": "Mehwar",
        "link": "http://8.21.48.26:7777/ElMehwar.m3u8?session=$GL-Sesession$&hlsid=HLS_2487419",
        "id": 74,
        "title": "Low"
    },
    {
        "cname": "Fatafeat",
        "link": "http://8.21.48.26:7777/Fatafeat.m3u8?session=$GL-Sesession$&hlsid=HLS_2487419",
        "id": 75,
        "title": "Low"
    },
    {
        "cname": "France 24",
        "link": "http://8.21.48.26:7777/France24Arabic.m3u8?session=$GL-Sesession$&hlsid=HLS_2487419",
        "id": 76,
        "title": "Low"
    },
    {
        "cname": "Funoon",
        "link": "http://8.21.48.26:7777/Funoon.m3u8?session=$GL-Sesession$&hlsid=HLS_2487419",
        "id": 77,
        "title": "Low"
    },
    {
        "cname": "Jordan",
        "link": "http://8.21.48.26:7777/GamarHashimi.m3u8?session=$GL-Sesession$&hlsid=HLS_2487419",
        "id": 78,
        "title": "Low"
    },
    {
        "cname": "GearOne",
        "link": "http://8.21.48.26:7777/GearOne.m3u8?session=$GL-Sesession$&hlsid=HLS_2487419",
        "id": 79,
        "title": "Low"
    },
    {
        "cname": "Goan",
        "link": "http://8.21.48.26:7777/GoanTV.m3u8?session=$GL-Sesession$&hlsid=HLS_2487419",
        "id": 80,
        "title": "Low"
    },
    {
        "cname": "Hanibal",
        "link": "http://8.21.48.26:7777/Hannibal.m3u8?session=$GL-Sesession$&hlsid=HLS_2487419",
        "id": 81,
        "title": "Low"
    },
    {
        "cname": "HodHod",
        "link": "http://8.21.48.26:7777/HodHod.m3u8?session=$GL-Sesession$&hlsid=HLS_2487419",
        "id": 82,
        "title": "Low"
    },
    {
        "cname": "Huda",
        "link": "http://8.21.48.26:7777/Huda.m3u8?session=$GL-Sesession$&hlsid=HLS_2487419",
        "id": 83,
        "title": "Low"
    },
    {
        "cname": "iFilm Arabic",
        "link": "http://8.21.48.26:7777/iFilm.m3u8?session=$GL-Sesession$&hlsid=HLS_2487419",
        "id": 84,
        "title": "Low"
    },
    {
        "cname": "Ishtar",
        "link": "http://8.21.48.26:7777/Ishtar.m3u8?session=$GL-Sesession$&hlsid=HLS_2487419",
        "id": 85,
        "title": "Low"
    },
    {
        "cname": "Karameesh",
        "link": "http://8.21.48.26:7777/Karameesh.m3u8?session=$GL-Sesession$&hlsid=HLS_2487419",
        "id": 86,
        "title": "Low"
    },
    {
        "cname": "KSA 2",
        "link": "http://8.21.48.26:7777/KSA2.m3u8?session=$GL-Sesession$&hlsid=HLS_2487419",
        "id": 87,
        "title": "Low"
    },
    {
        "cname": "KTV2",
        "link": "http://8.21.48.26:7777/KTV2Kuwait.m3u8?session=$GL-Sesession$&hlsid=HLS_2487419",
        "id": 88,
        "title": "Low"
    },
    {
        "cname": "KTV Sport Plus",
        "link": "http://8.21.48.26:7777/KTV3Plus.m3u8?session=$GL-Sesession$&hlsid=HLS_2487419",
        "id": 89,
        "title": "Low"
    },
    {
        "cname": "Kuwait",
        "link": "http://8.21.48.26:7777/KuwaitSpace.m3u8?session=$GL-Sesession$&hlsid=HLS_2487419",
        "id": 90,
        "title": "Low"
    },
    {
        "cname": "Libya 2",
        "link": "http://8.21.48.26:7777/Libya.m3u8?session=$GL-Sesession$&hlsid=HLS_2487419",
        "id": 91,
        "title": "Low"
    },
    {
        "cname": "Libya AlWataniya",
        "link": "http://8.21.48.26:7777/LibyaAlWataniya.m3u8?session=$GL-Sesession$&hlsid=HLS_2487419",
        "id": 92,
        "title": "Low"
    },
    {
        "cname": "Libya Sport 1",
        "link": "http://8.21.48.26:7777/LibyaSportChannel1.m3u8?session=$GL-Sesession$&hlsid=HLS_2487419",
        "id": 93,
        "title": "Low"
    },
    {
        "cname": "LLBN",
        "link": "http://8.21.48.26:7777/LLBN.m3u8?session=$GL-Sesession$&hlsid=HLS_2487419",
        "id": 94,
        "title": "Low"
    },
    {
        "cname": "2M",
        "link": "http://8.21.48.26:7777/M2Morocco.m3u8?session=$GL-Sesession$&hlsid=HLS_2487419",
        "id": 95,
        "title": "Low"
    },
    {
        "cname": "Mahbooba",
        "link": "http://8.21.48.26:7777/Mahbooba.m3u8?session=$GL-Sesession$&hlsid=HLS_2487419",
        "id": 96,
        "title": "Low"
    },
    {
        "cname": "Mara7",
        "link": "http://8.21.48.26:7777/Mara7.m3u8?session=$GL-Sesession$&hlsid=HLS_2487419",
        "id": 97,
        "title": "Low"
    },
    {
        "cname": "Massaya",
        "link": "http://8.21.48.26:7777/Massaya.m3u8?session=$GL-Sesession$&hlsid=HLS_2487419",
        "id": 98,
        "title": "Low"
    },
    {
        "cname": "Mauritanie",
        "link": "http://8.21.48.26:7777/MauritaniaTV.m3u8?session=$GL-Sesession$&hlsid=HLS_2487419",
        "id": 99,
        "title": "Low"
    },
    {
        "cname": "Mea",
        "link": "http://8.21.48.26:7777/MeaTV.m3u8?session=$GL-Sesession$&hlsid=HLS_2487419",
        "id": 100,
        "title": "Low"
    },
    {
        "cname": "_1_1i 1 Sat",
        "link": "http://8.21.48.26:7777/Medi1.m3u8?session=$GL-Sesession$&hlsid=HLS_2487419",
        "id": 101,
        "title": "Low"
    },
    {
        "cname": "Miracle",
        "link": "http://8.21.48.26:7777/Miracle.m3u8?session=$GL-Sesession$&hlsid=HLS_2487419",
        "id": 102,
        "title": "Low"
    },
    {
        "cname": "Music+",
        "link": "http://8.21.48.26:7777/MusicPlus.m3u8?session=$GL-Sesession$&hlsid=HLS_2487419",
        "id": 103,
        "title": "Low"
    },
    {
        "cname": "Nart",
        "link": "http://8.21.48.26:7777/Nart.m3u8?session=$GL-Sesession$&hlsid=HLS_2487419",
        "id": 104,
        "title": "Low"
    },
    {
        "cname": "Neelain Sport",
        "link": "http://8.21.48.26:7777/NeelainSport.m3u8?session=$GL-Sesession$&hlsid=HLS_2487419",
        "id": 105,
        "title": "Low"
    },
    {
        "cname": "Nessma",
        "link": "http://8.21.48.26:7777/Nessma.m3u8?session=$GL-Sesession$&hlsid=HLS_2487419",
        "id": 106,
        "title": "Low"
    },
    {
        "cname": "Nile Drama 2",
        "link": "http://8.21.48.26:7777/NileDrama2.m3u8?session=$GL-Sesession$&hlsid=HLS_2487419",
        "id": 107,
        "title": "Low"
    },
    {
        "cname": "Nile Family",
        "link": "http://8.21.48.26:7777/NileFamily.m3u8?session=$GL-Sesession$&hlsid=HLS_2487419",
        "id": 108,
        "title": "Low"
    },
    {
        "cname": "Nile Life",
        "link": "http://8.21.48.26:7777/NileLife.m3u8?session=$GL-Sesession$&hlsid=HLS_2487419",
        "id": 109,
        "title": "Low"
    },
    {
        "cname": "Nile News",
        "link": "http://8.21.48.26:7777/NileNews.m3u8?session=$GL-Sesession$&hlsid=HLS_2487419",
        "id": 110,
        "title": "Low"
    },
    {
        "cname": "Nile Sport",
        "link": "http://8.21.48.26:7777/NileSport.m3u8?session=$GL-Sesession$&hlsid=HLS_2487419",
        "id": 111,
        "title": "Low"
    },
    {
        "cname": "Nojoom1",
        "link": "http://8.21.48.26:7777/Nojoom1.m3u8?session=$GL-Sesession$&hlsid=HLS_2487419",
        "id": 112,
        "title": "Low"
    },
    {
        "cname": "Noor Dubai",
        "link": "http://8.21.48.26:7777/NoorDubai.m3u8?session=$GL-Sesession$&hlsid=HLS_2487419",
        "id": 113,
        "title": "Low"
    },
    {
        "cname": "Noursat",
        "link": "http://8.21.48.26:7777/NourAlShabab.m3u8?session=$GL-Sesession$&hlsid=HLS_2487419",
        "id": 114,
        "title": "Low"
    },
    {
        "cname": "Syria Nour",
        "link": "http://8.21.48.26:7777/NourElSham.m3u8?session=$GL-Sesession$&hlsid=HLS_2487419",
        "id": 115,
        "title": "Low"
    },
    {
        "cname": "Nourmina",
        "link": "http://8.21.48.26:7777/Nourmina.m3u8?session=$GL-Sesession$&hlsid=HLS_2487419",
        "id": 116,
        "title": "Low"
    },
    {
        "cname": "Noursat",
        "link": "http://8.21.48.26:7777/Noursat.m3u8?session=$GL-Sesession$&hlsid=HLS_2487419",
        "id": 117,
        "title": "Low"
    },
    {
        "cname": "Oman",
        "link": "http://8.21.48.26:7777/Oman.m3u8?session=$GL-Sesession$&hlsid=HLS_2487419",
        "id": 118,
        "title": "Low"
    },
    {
        "cname": "Om Durman",
        "link": "http://8.21.48.26:7777/OmDurman.m3u8?session=$GL-Sesession$&hlsid=HLS_2487419",
        "id": 119,
        "title": "Low"
    },
    {
        "cname": "Oyoun Jeddah",
        "link": "http://8.21.48.26:7777/OyounJeddah.m3u8?session=$GL-Sesession$&hlsid=HLS_2487419",
        "id": 120,
        "title": "Low"
    },
    {
        "cname": "Palestine AlYawm",
        "link": "http://8.21.48.26:7777/PalestineAlYawm.m3u8?session=$GL-Sesession$&hlsid=HLS_2487419",
        "id": 121,
        "title": "Low"
    },
    {
        "cname": "Palestine Live",
        "link": "http://8.21.48.26:7777/PalestineLive.m3u8?session=$GL-Sesession$&hlsid=HLS_2487419",
        "id": 122,
        "title": "Low"
    },
    {
        "cname": "Palestine",
        "link": "http://8.21.48.26:7777/Palestinian.m3u8?session=$GL-Sesession$&hlsid=HLS_2487419",
        "id": 123,
        "title": "Low"
    },
    {
        "cname": "Qatar",
        "link": "http://8.21.48.26:7777/Qatar.m3u8?session=$GL-Sesession$&hlsid=HLS_2487419",
        "id": 124,
        "title": "Low"
    },
    {
        "cname": "Rotana Classic",
        "link": "http://8.21.48.26:7777/RotanaZaman.m3u8?session=$GL-Sesession$&hlsid=HLS_2487419",
        "id": 125,
        "title": "Low"
    },
    {
        "cname": "Roya",
        "link": "http://8.21.48.26:7777/Roya.m3u8?session=$GL-Sesession$&hlsid=HLS_2487419",
        "id": 126,
        "title": "Low"
    },
    {
        "cname": "Djibouti",
        "link": "http://8.21.48.26:7777/RTD.m3u8?session=$GL-Sesession$&hlsid=HLS_2487419",
        "id": 127,
        "title": "Low"
    },
    {
        "cname": "Russia Alyaum",
        "link": "http://8.21.48.26:7777/RussiyaAlYaum.m3u8?session=$GL-Sesession$&hlsid=HLS_2487419",
        "id": 128,
        "title": "Low"
    },
    {
        "cname": "Sama Dubai",
        "link": "http://8.21.48.26:7777/SamaDubai.m3u8?session=$GL-Sesession$&hlsid=HLS_2487419",
        "id": 129,
        "title": "Low"
    },
    {
        "cname": "Sama Syria",
        "link": "http://8.21.48.26:7777/SamaTV.m3u8?session=$GL-Sesession$&hlsid=HLS_2487419",
        "id": 130,
        "title": "Low"
    },
    {
        "cname": "Sat7 Kid",
        "link": "http://8.21.48.26:7777/Sat7Kid.m3u8?session=$GL-Sesession$&hlsid=HLS_2487419",
        "id": 131,
        "title": "Low"
    },
    {
        "cname": "KSA 1",
        "link": "http://8.21.48.26:7777/SaudiArabia1.m3u8?session=$GL-Sesession$&hlsid=HLS_2487419",
        "id": 132,
        "title": "Low"
    },
    {
        "cname": "Scope",
        "link": "http://8.21.48.26:7777/ScopeTV.m3u8?session=$GL-Sesession$&hlsid=HLS_2487419",
        "id": 133,
        "title": "Low"
    },
    {
        "cname": "SM SM KIDS",
        "link": "http://8.21.48.26:7777/Semsem.m3u8?session=$GL-Sesession$&hlsid=HLS_2487419",
        "id": 134,
        "title": "Low"
    },
    {
        "cname": "Sharjah",
        "link": "http://8.21.48.26:7777/SharjahTV.m3u8?session=$GL-Sesession$&hlsid=HLS_2487419",
        "id": 135,
        "title": "Low"
    },
    {
        "cname": "Sheba",
        "link": "http://8.21.48.26:7777/Sheba.m3u8?session=$GL-Sesession$&hlsid=HLS_2487419",
        "id": 136,
        "title": "Low"
    },
    {
        "cname": "Space Power",
        "link": "http://8.21.48.26:7777/SpacePower.m3u8?session=$GL-Sesession$&hlsid=HLS_2487419",
        "id": 137,
        "title": "Low"
    },
    {
        "cname": "Sudan TV",
        "link": "http://8.21.48.26:7777/Sudan.m3u8?session=$GL-Sesession$&hlsid=HLS_2487419",
        "id": 138,
        "title": "Low"
    },
    {
        "cname": "Syria Drama",
        "link": "http://8.21.48.26:7777/SyriaDrama.m3u8?session=$GL-Sesession$&hlsid=HLS_2487419",
        "id": 139,
        "title": "Low"
    },
    {
        "cname": "Syria Sedu",
        "link": "http://8.21.48.26:7777/SyrianEducation.m3u8?session=$GL-Sesession$&hlsid=HLS_2487419",
        "id": 140,
        "title": "Low"
    },
    {
        "cname": "Syria",
        "link": "http://8.21.48.26:7777/SyriaSat.m3u8?session=$GL-Sesession$&hlsid=HLS_2487419",
        "id": 141,
        "title": "Low"
    },
    {
        "cname": "Taha",
        "link": "http://8.21.48.26:7777/Taha.m3u8?session=$GL-Sesession$&hlsid=HLS_2487419",
        "id": 142,
        "title": "Low"
    },
    {
        "cname": "Tamazigh Maroc",
        "link": "http://8.21.48.26:7777/Tamazight.m3u8?session=$GL-Sesession$&hlsid=HLS_2487419",
        "id": 143,
        "title": "Low"
    },
    {
        "cname": "Tayba",
        "link": "http://8.21.48.26:7777/Tayba.m3u8?session=$GL-Sesession$&hlsid=HLS_2487419",
        "id": 144,
        "title": "Low"
    },
    {
        "cname": "Tele Liban",
        "link": "http://8.21.48.26:7777/TeleLiban.m3u8?session=$GL-Sesession$&hlsid=HLS_2487419",
        "id": 145,
        "title": "Low"
    },
    {
        "cname": "Algeria 3",
        "link": "http://8.21.48.26:7777/Thalitha.m3u8?session=$GL-Sesession$&hlsid=HLS_2487419",
        "id": 146,
        "title": "Low"
    },
    {
        "cname": "Top Movies",
        "link": "http://8.21.48.26:7777/TopMovies.m3u8?session=$GL-Sesession$&hlsid=HLS_2487419",
        "id": 147,
        "title": "Low"
    },
    {
        "cname": "Toyor Al Janah",
        "link": "http://8.21.48.26:7777/ToyorAlJanah.m3u8?session=$GL-Sesession$&hlsid=HLS_2487419",
        "id": 148,
        "title": "Low"
    },
    {
        "cname": "TRT Arabic",
        "link": "http://8.21.48.26:7777/TRTArabic.m3u8?session=$GL-Sesession$&hlsid=HLS_2487419",
        "id": 149,
        "title": "Low"
    },
    {
        "cname": "Tunisia national 1",
        "link": "http://8.21.48.26:7777/Tunisie7.m3u8?session=$GL-Sesession$&hlsid=HLS_2487419",
        "id": 150,
        "title": "Low"
    },
    {
        "cname": "Wanasah",
        "link": "http://8.21.48.26:7777/Wanasah.m3u8?session=$GL-Sesession$&hlsid=HLS_2487419",
        "id": 151,
        "title": "Low"
    },
    {
        "cname": "Yemen",
        "link": "http://8.21.48.26:7777/Yemen.m3u8?session=$GL-Sesession$&hlsid=HLS_2487419",
        "id": 152,
        "title": "Low"
    },
    {
        "cname": "Zweina Bladna",
        "link": "http://8.21.48.26:7777/ZweinaBaladna.m3u8?session=$GL-Sesession$&hlsid=HLS_2487419",
        "id": 153,
        "title": "Low"
    },
    {
        "cname": "7Stars",
        "link": "http://8.21.48.26:7777/7Stars.m3u8?session=$GL-Sesession$&hlsid=HLS_2487419",
        "id": 154,
        "title": "Low"
    }
]