<?xml version="1.0" encoding="UTF-8" standalone="yes"?>
<addon id="plugin.video.bitvod"
  name="Bitvod"
  version="1.0.0"
  provider-name="yxblog">
  <requires>
	<import addon="xbmc.gui" version="5.0.1" />
	<import addon="script.module.xbmcswift2" version="2.4.0" />
  </requires>
  <extension point="xbmc.python.script" library="default.py">
  <provides>video</provides>
  </extension>
  <extension point="xbmc.addon.metadata">
    <platform>all</platform>
    <description>Bitvod</description>
    <description lang="zh">Bitvod</description>
    <disclaimer>for study!</disclaimer>
  </extension>
</addon>
