<window type="window">
	<defaultcontrol always="true">115</defaultcontrol>
	<coordinates>
		<system>1</system>
		<posx>0</posx>
		<posy>0</posy>
	</coordinates>
	<allowoverlay>no</allowoverlay>
<controls>
		<control type="image">
			<posx>0</posx>
			<posy>0</posy>
			<width>1280</width>
			<height>720</height>
			<texture>backr1.png</texture>
		</control>
		<control type="grouplist">
			<posx>65</posx>
			<posy>5</posy>
			<width>1000</width>
			<height>30</height>
			<orientation>horizontal</orientation>
			<align>left</align>
			<itemgap>5</itemgap>
			<control type="label">
				<posx>0</posx>
				<posy>0</posy>
				<width min="0" max="800">auto</width>
				<height>30</height>
				<font>font14</font>
				<textcolor>white</textcolor>
				<shadowcolor>black</shadowcolor>
				<scroll>false</scroll>
				<align>left</align>
				<aligny>center</aligny>
				<label>$LOCALIZE[3]</label>
			</control>
			<control type="label" id='99'>
				<posx>0</posx>
				<posy>0</posy>
				<width min="0" max="800">auto</width>
				<height>30</height>
				<font>font14</font>
				<textcolor>white</textcolor>
				<shadowcolor>black</shadowcolor>
				<scroll>false</scroll>
				<align>left</align>
				<aligny>center</aligny>
				<label>[COLOR=blue] - [/COLOR]$INFO[Container.FolderName]</label>
				<visible>true</visible>
			</control>
		</control>

        <control type="group">
            <control type="label" id="21">
                <posx>100</posx>
                <posy>65</posy>
                <width>500</width>
                <height>40</height>
                <font>font28</font>
                <textcolor>grey2</textcolor>
                <align>left</align>
                <aligny>center</aligny>
                <label>$INFO[Container(116).ListItem.Property(name)]</label>
            </control>
            <control type="label" id="22">
                <posx>100</posx>
                <posy>90</posy>
                <width>700</width>
                <height>40</height>
                <font>font12</font>
                <textcolor>grey2</textcolor>
                <align>left</align>
                <aligny>center</aligny>
                <label>$INFO[Container(116).ListItem.Property(playurl)]</label>
            </control>

            <control type="panel" id="115">
                <!-- 来源选择列表 -->
                <visible>Control.IsVisible(116)</visible>
                <posx>400</posx>
                <posy>433</posy>
                <width>800</width>
                <height>60</height>
                <onleft>-</onleft> 
                <onup>-</onup>
                <ondown>116</ondown>
                <scrolltime>200</scrolltime>
                <itemlayout height="50" width="120">
                    <control type="image">
                        <posx>0</posx>
                        <posy>0</posy>
                        <width>115</width>
                        <height>35</height>
                        <texture background="true">button-nofocus.png</texture>
                    </control>
                    <control type="label">
                        <posx>0</posx>
                        <posy>0</posy>
                        <width>115</width>
                        <height>35</height>
                        <font>font16</font>
                        <textcolor>white</textcolor>
                        <selectedcolor>FF004AFF</selectedcolor>
                        <align>center</align>
                        <aligny>center</aligny>
                        <info>ListItem.Label</info>
                    </control>
                </itemlayout>
                <focusedlayout height="50" width="115">
                    <control type="image">
                        <width>115</width>
                        <height>35</height>
                        <posx>0</posx>
                        <posy>0</posy>
                        <texture>button-focus.png</texture>
                    </control>
                    <control type="label">
                        <posx>0</posx>
                        <posy>0</posy>
                        <width>115</width>
                        <height>35</height>
                        <font>font16</font>
                        <textcolor>white</textcolor>
                        <selectedcolor>FF004AFF</selectedcolor>
                        <align>center</align>
                        <aligny>center</aligny>
                        <info>ListItem.Label</info>
                    </control>
                </focusedlayout>
            </control>
            <control type="image">
                <visible>false</visible>
                <posx>240</posx>
                <posy>148</posy>
                <width>50</width>
                <height>97</height>
                <texture border="">list_bg.png</texture>
				<visible>false</visible>
            </control>
            <control type="image">
                <posx>240</posx>
                <posy>148</posy>
                <width>530</width>
                <height>497</height>
                <texture border="">list_bg.png</texture>
				<visible>false</visible>
            </control>
            <control type="panel" id="116">
                <posx>380</posx>
                <posy>500</posy>
                <width>240</width>
                <height>150</height>
                <onleft>115</onleft>
                <onright>-</onright>
                <onup>115</onup>
                <ondown>116</ondown>
                <pagecontrol>60</pagecontrol>
                <scrolltime>200</scrolltime>
                <itemlayout height="40" width="500">
                    <control type="image">
                        <posx>0</posx>
                        <posy>0</posy>
                        <width>500</width>
                        <height>41</height>
                        <texture border="0,2,0,2">MenuItemNF.png</texture>
                    </control>
                    <control type="label">
                        <posx>20</posx>
                        <posy>0</posy>
                        <width>500</width>
                        <height>40</height>
                        <font>font13</font>
                        <textcolor>white</textcolor>
                        <selectedcolor>selected</selectedcolor>
                        <align>left</align>
                        <aligny>center</aligny>
                        <label>$INFO[ListItem.Label]</label>
                    </control>
                </itemlayout>
                <focusedlayout height="40" width="500">
                    <control type="image">
                        <posx>0</posx>
                        <posy>0</posy>
                        <width>500</width>
                        <height>41</height>
                        <texture border="0,2,0,2">MenuItemNF.png</texture>
                        <visible>!Control.HasFocus(116)</visible>
                        <include>VisibleFadeEffect</include>
                    </control>
                    <control type="image">
                        <posx>0</posx>
                        <posy>0</posy>
                        <width>500</width>
                        <height>41</height>
                        <texture border="0,2,0,2">MenuItemFO.png</texture>
                        <visible>Control.HasFocus(116)</visible>
                        <include>VisibleFadeEffect</include>
                    </control>
                    <control type="label">
                        <posx>20</posx>
                        <posy>0</posy>
                        <width>500</width>
                        <height>40</height>
                        <font>font13</font>
                        <textcolor>white</textcolor>
                        <selectedcolor>selected</selectedcolor>
                        <align>left</align>
                        <aligny>center</aligny>
                        <label>$INFO[ListItem.Label]</label>
                    </control>
                </focusedlayout>
            </control>
            
            <control type="image">
                <posx>88</posx>
                <posy>88</posy>
                <width>280</width>
                <height>380</height>
                <aspectratio>scale</aspectratio>
                <texture>folder-nofocus.png</texture>
            </control>
            <control type="image" id="749">
                <posx>88</posx>
                <posy>88</posy>
                <width>280</width>
                <height>380</height>
                <aspectratio>scale</aspectratio>
                <texture></texture>
            </control>
           
            <control type="group">
			
				 <control type="label" id="750">
					<posx>400</posx>
					<posy>86</posy>
					<width>800</width>
					<height>30</height>
					<label>$INFO[Container.Property(title)]</label>
					 <font>font16</font>
					<font>Font-Condensed-S29-B</font>
					<wrapmultiline>true</wrapmultiline>
					<textcolor>white</textcolor>
				</control>

			
				<control type="label">
                    <posx>400</posx>
                    <posy>120</posy>
                    <width>200</width>
                    <height>30</height>
                    <label>Year:</label>
                    <font>font20</font>
                    <textcolor>white</textcolor>
                </control>
				
				<control type="label" id="753">
					<posx>450</posx>
					<posy>120</posy>
					<width>380</width>
					<height>30</height>
					<label>$INFO[Container.Property(Year)]</label>
					<font>font20</font>
					<textcolor>white</textcolor>
				</control>
				
				<control type="label">
                    <posx>400</posx>
                    <posy>150</posy>
                    <width>200</width>
                    <height>30</height>
                    <label>ImdbRating:</label>
                    <font>font20</font>
                    <textcolor>white</textcolor>
                </control>

                <control type="label" id="757">
                    <posx>520</posx>
                    <posy>150</posy>
                    <width>580</width>
                    <height>30</height>
                    <label></label>
                    <visible>true</visible>
                    <font>font20</font>
                    <textcolor>white</textcolor>
                </control>

                <control type="label">
                    <posx>400</posx>
                    <posy>172</posy>
                    <width>100</width>
                    <height>30</height>
                    <label>Genre:</label>
                    <font>font20</font>
                    <textcolor>white</textcolor>
                </control>
                <control type="label" id="751">
                    <posx>460</posx>
                    <posy>172</posy>
                    <width>580</width>
                    <height>30</height>
                    <label></label>
     				<visible>true</visible>
                    <font>font20</font>
                    <textcolor>white</textcolor>
                </control>
                <control type="label">
                    <posx>400</posx>
                    <posy>198</posy>
                    <width>100</width>
                    <height>30</height>
                    <label>Area:</label>
                    <font>font20</font>
                    <textcolor>white</textcolor>
                </control>
                <control type="label" id="752">
                    <posx>460</posx>
                    <posy>198</posy>
                    <width>180</width>
                    <height>30</height>
                    <label>$INFO[Container.Property(areaname)]</label>
                    <font>font20</font>
                    <textcolor>white</textcolor>
                </control>
              
                <control type="label">
                    <posx>400</posx>
                    <posy>232</posy>
                    <height>30</height>
                    <width>100</width>
                    <label>Director:</label>
                    <font>font20</font>
                    <textcolor>white</textcolor>
                </control>
                <control type="label" id="754">
                    <posx>480</posx>
                    <posy>232</posy>
                    <width>670</width>
                    <height>30</height>
                    <label></label>
                    <font>font20</font>
                    <textcolor>white</textcolor>
                </control>
                <control type="label">
                    <posx>400</posx>
                    <posy>256</posy>
                    <width>380</width>
                    <height>30</height>
                    <label>Actors:</label>
                    <font>font20</font>
                    <textcolor>white</textcolor>
                    <wrapmultiline>true</wrapmultiline>
                </control>
                <control type="label" id="755">
                    <posx>480</posx>
                    <posy>256</posy>
                    <width>670</width>
                    <height>30</height>
                    <label></label>
                    <font>font20</font>
                    <textcolor>white</textcolor>
                </control>
				
				<control type="label" id="756">
                    <posx>400</posx>
                    <posy>320</posy>
                    <width>720</width>
                    <height>30</height>
                    <label>Loading IMDB information....</label>
                    <font>font20</font>
                    <textcolor>white</textcolor>
                    <wrapmultiline>true</wrapmultiline>
                </control>

            </control>
        </control>
		
		
</controls>
</window>
