<window type="window">
	<defaultcontrol>500</defaultcontrol>
	<coordinates>
		<system>1</system>
		<posx>0</posx>
		<posy>0</posy>
	</coordinates>
	<allowoverlay>no</allowoverlay>
<controls>
		<control type="image">
			<posx>0</posx>
			<posy>0</posy>
			<width>1280</width>
			<height>720</height>
			<texture>backr1.png</texture>
		</control>
        <control type="label">
            <description>Date label</description>
            <posx>20r</posx>
            <posy>35</posy>
            <width>200</width>
            <height>15</height>
            <align>right</align>
            <aligny>center</aligny>
            <font>font10</font>
            <textcolor>white</textcolor>
            <shadowcolor>black</shadowcolor>
            <label>$INFO[System.Date]</label>
            <animation effect="slide" start="0,0" end="-40,0" time="100" condition="Window.IsVisible(Mutebug)">conditional</animation>
        </control>
		<control type="group">
			<include>Window_OpenClose_Animation</include>
			<control type="group">
				<include>VisibleFadeEffect</include>
				<visible>Control.IsVisible(51) | Control.IsVisible(52) | Control.IsVisible(53) | Control.IsVisible(55) | Control.IsVisible(56) | Control.IsVisible(500) | Control.IsVisible(505)</visible>
				<control type="image">
					<posx>145</posx>
					<posy>60</posy>
					<width>1130</width>
					<height>600</height>
					<texture border="15">ContentPanel.png</texture>
				</control>
				<control type="image">
					<posx>145</posx>
					<posy>652</posy>
					<width>1130</width>
					<height>64</height>
					<texture border="15">ContentPanelMirror.png</texture>
				</control>
				
				<control type="label" id="110">
				  <description>loading text</description>
				  <posx>460</posx>
				  <posy>100</posy>
				  <width>450</width>
				  <height>30</height>
				  <label>Please wait...</label>
				  <textcolor>ff00ff00</textcolor>
				</control>
			</control>
		</control>
		<control type="grouplist">
			<posx>65</posx>
			<posy>5</posy>
			<width>1000</width>
			<height>30</height>
			<orientation>horizontal</orientation>
			<align>left</align>
			<itemgap>5</itemgap>
			<control type="label">
				<posx>0</posx>
				<posy>0</posy>
				<width min="0" max="800">auto</width>
				<height>30</height>
				<font>font14</font>
				<textcolor>white</textcolor>
				<shadowcolor>black</shadowcolor>
				<scroll>false</scroll>
				<align>left</align>
				<aligny>center</aligny>
				<label>$LOCALIZE[3]</label>
			</control>
			<control type="label" id='99'>
				<posx>0</posx>
				<posy>0</posy>
				<width min="0" max="800">auto</width>
				<height>30</height>
				<font>font14</font>
				<textcolor>white</textcolor>
				<shadowcolor>black</shadowcolor>
				<scroll>false</scroll>
				<align>left</align>
				<aligny>center</aligny>
				<label>[COLOR=blue] - [/COLOR]$INFO[Container.FolderName]</label>
				<visible>true</visible>
			</control>
		</control>
        <control type="group">
            <visible>true</visible>
            <include>VisibleFadeEffect</include>
            <control type="panel" id="500">
                <posx>170</posx>
                <posy>80</posy>
                <width>1080</width>
                <height>558</height>
                <onleft>501</onleft>
                <onright>60</onright>
                <onup>-</onup>
                <ondown>-</ondown>
                <viewtype label="21371">list</viewtype>
                <pagecontrol>60</pagecontrol>
                <scrolltime>200</scrolltime>
                <preloaditems>2</preloaditems>
                <itemlayout  height="296" width="216">
					<control type="image">
                        <posx>1</posx>
                        <posy>0</posy>
                        <width>210</width>
                        <height>270</height>
                        <bordertexture border="5">folder-nofocus.png</bordertexture>
                        <bordersize>3</bordersize>
                        <texture background="true">folder-nofocus.png</texture>
                        <visible>!Container.Content(Episodes)</visible>
                    </control>
                    <control type="image">
                        <posx>1</posx>
                        <posy>0</posy>
                        <width>210</width>
                        <height>270</height>
                        <bordersize>3</bordersize>
                        <texture background="true">$INFO[Listitem.Icon]</texture>
                        <visible>!Container.Content(Episodes)</visible>
                    </control>
                    <control type="image">
                        <posx>1</posx>
                        <posy>0</posy>
                        <width>210</width>
                        <height>270</height>
                        <aspectratio>scale</aspectratio> 
                        <bordersize>3</bordersize>
                        <texture background="true">$INFO[Listitem.Icon]</texture>
                        <visible>Container.Content(Episodes)</visible>
                    </control>
					<control type="image">
						<description>Title overlay</description>
						<posx>4</posx>
						<posy>230</posy>
						<width>204</width>
						<height>38</height> 
						<texture border="1">windows/home/tile-overlay.png</texture> 
						<colordiffuse>99FFFFFF</colordiffuse>
                    </control>
                    <control type="label">
                        <posx>4</posx>
                        <posy>230</posy>
                        <width>202</width>
                        <height>38</height>
                        <font>font12</font>
                        <textcolor>white</textcolor>
                        <selectedcolor>selected</selectedcolor>
                        <align>center</align>
                        <aligny>center</aligny>
                        <info>ListItem.Label</info>
						<scroll>no</scroll>
                    </control>
                </itemlayout>
                <focusedlayout height="296" width="216">
					<control type="image">
                        <posx>1</posx>
                        <posy>0</posy>
                        <width>210</width>
                        <height>270</height>
                        <bordertexture border="5">folder-focus.png</bordertexture>
                        <bordersize>3</bordersize>
                        <texture background="true">folder-nofocus.png</texture>
                        <visible>!Container.Content(Episodes)</visible>
                    </control>
                    <control type="image">
                        <posx>1</posx>
                        <posy>0</posy>
                        <width>210</width>
                        <height>270</height>
                        <bordertexture border="5">folder-focus.png</bordertexture>
                        <bordersize>3</bordersize>
                        <texture background="true">$INFO[Listitem.Icon]</texture>
                        <visible>!Container.Content(Episodes)</visible>
                    </control>
                    <control type="image">
                        <posx>1</posx>
                        <posy>0</posy>
                        <width>210</width>
                        <height>270</height>
                        <aspectratio>scale</aspectratio>
                        <bordertexture border="5">folder-focus.png</bordertexture>
                        <bordersize>3</bordersize>
                        <texture background="true">$INFO[Listitem.Icon]</texture>
                        <visible>Container.Content(Episodes)</visible>
                    </control>
					<control type="image">
						<description>Title overlay</description>
						<posx>4</posx>
						<posy>230</posy>
						<width>204</width>
						<height>38</height> 
						<texture border="1">windows/home/tile-overlay.png</texture> 
						<colordiffuse>99FFFFFF</colordiffuse>
                    </control>
                    <control type="label">
                        <posx>4</posx>
                        <posy>230</posy>
                        <width>202</width>
                        <height>38</height>
                        <font>font12</font>
                        <textcolor>white</textcolor>
                        <selectedcolor>selected</selectedcolor>
                        <align>center</align>
                        <aligny>center</aligny>
                        <info>ListItem.Label</info>
                    </control>

                </focusedlayout>
                <itemlayout condition="Container.Content(Movies) | Container.Content(Seasons) | Container.Content(TVShows) | Container.Content(Sets)" height="279" width="216">
                    <control type="image">
                        <posx>1</posx>
                        <posy>0</posy>
                        <width>214</width>
                        <height>240</height>
                        <bordertexture border="5">button-nofocus.png</bordertexture>
                        <bordersize>5</bordersize>
                        <texture background="true">$VAR[PosterThumb]</texture>
                    </control>
                    <control type="label">
                        <posx>108</posx>
                        <posy>240</posy>
                        <width>200</width>
                        <height>25</height>
                        <font>font12</font>
                        <textcolor>grey2</textcolor>
                        <selectedcolor>selected</selectedcolor>
                        <align>center</align>
                        <aligny>center</aligny>
                        <info>ListItem.Label</info>
                    </control>
                    <control type="image">
                        <posx>170</posx>
                        <posy>210</posy>
                        <width>30</width>
                        <height>30</height>
                        <aspectratio>keep</aspectratio>
                        <texture>$INFO[ListItem.Overlay]</texture>
                    </control>
                </itemlayout>
                <focusedlayout condition="Container.Content(Movies) | Container.Content(Seasons) | Container.Content(TVShows) | Container.Content(Sets)" height="276" width="216">
                    <control type="image">
                        <posx>1</posx>
                        <posy>0</posy>
                        <width>214</width>
                        <height>240</height>
                        <bordertexture border="5">folder-focus.png</bordertexture>
                        <bordersize>5</bordersize>
                        <texture background="true">$VAR[PosterThumb]</texture>
                    </control>
                    <control type="label">
                        <posx>108</posx>
                        <posy>240</posy>
                        <width>200</width>
                        <height>25</height>
                        <font>font12</font>
                        <textcolor>white</textcolor>
                        <selectedcolor>selected</selectedcolor>
                        <align>center</align>
                        <aligny>center</aligny>
                        <info>ListItem.Label</info>
                    </control>
                    <control type="image">
                        <posx>170</posx>
                        <posy>210</posy>
                        <width>30</width>
                        <height>30</height>
                        <aspectratio>keep</aspectratio>
                        <texture>$INFO[ListItem.Overlay]</texture>
                    </control>
                </focusedlayout>
            </control>
            <control type="scrollbar" id="60">
                <posx>1245</posx>
                <posy>80</posy>
                <width>25</width>
                <height>550</height>
                <texturesliderbackground border="0,14,0,14">ScrollBarV.png</texturesliderbackground>
                <texturesliderbar border="2,16,2,16">ScrollBarV_bar.png</texturesliderbar>
                <texturesliderbarfocus border="2,16,2,16">ScrollBarV_bar_focus.png</texturesliderbarfocus>
                <textureslidernib>ScrollBarNib.png</textureslidernib>
                <textureslidernibfocus>ScrollBarNib.png</textureslidernibfocus>
                <onleft>500</onleft>
                <onright>2</onright>
                <showonepage>false</showonepage>
                <orientation>vertical</orientation>
                <visible>Control.IsVisible(500)</visible>
            </control>
        </control>
		<control type="group" id="498">
			<posx>-150</posx>
			<visible>true</visible>
			<include>Window_OpenClose_Animation</include>
			<control type="group">
				<include>VisibleFadeEffect</include>
				<visible>true</visible>
				<control type="image">
					<posx>0</posx>
					<posy>60</posy>
					<width>150</width>
					<height>600</height>
					<texture border="15">ContentPanel.png</texture>
				</control>
				<control type="image">
					<posx>0</posx>
					<posy>652</posy>
					<width>150</width>
					<height>64</height>
					<texture border="15">ContentPanelMirror.png</texture>
				</control>
				<control type="panel" id="502">
					<!-- 来源选择列表 -->
					<visible>true</visible>
					<posx>10</posx>
					<posy>80</posy>
					<width>120</width>
					<height>560</height>
					<onleft>501</onleft>
					<onright>500</onright>
					<onup>-</onup>
					<ondown>-</ondown>
					<scrolltime>200</scrolltime>
					<itemlayout height="50" width="115">
						<control type="image">
							<posx>0</posx>
							<posy>0</posy>
							<width>115</width>
							<height>35</height>
							<texture background="true">button-nofocus.png</texture>
						</control>
						<control type="label">
							<posx>0</posx>
							<posy>0</posy>
							<width>115</width>
							<height>35</height>
							<font>font16</font>
							<textcolor>white</textcolor>
							<selectedcolor>FF004AFF</selectedcolor>
							<align>center</align>
							<aligny>center</aligny>
							<info>ListItem.Label</info>
						</control>
					</itemlayout>
					<focusedlayout height="50" width="115">
						<control type="image">
							<width>115</width>
							<height>35</height>
							<posx>0</posx>
							<posy>0</posy>
							<texture>button-focus.png</texture>
						</control>
						<control type="label">
							<posx>0</posx>
							<posy>0</posy>
							<width>115</width>
							<height>35</height>
							<font>font16</font>
							<textcolor>white</textcolor>
							<selectedcolor>FF004AFF</selectedcolor>
							<align>center</align>
							<aligny>center</aligny>
							<info>ListItem.Label</info>
						</control>
					</focusedlayout>
				</control>
			</control>
		</control>
		<control type="group" id="499">
			<posx>0</posx>

			<include>Window_OpenClose_Animation</include>
			<control type="group">
				<include>VisibleFadeEffect</include>
				<visible>Control.IsVisible(500)</visible>
				<control type="image">
					<posx>0</posx>
					<posy>60</posy>
					<width>150</width>
					<height>600</height>
					<texture border="15">ContentPanel.png</texture>
				</control>
				<control type="image">
					<posx>0</posx>
					<posy>652</posy>
					<width>150</width>
					<height>64</height>
					<texture border="15">ContentPanelMirror.png</texture>
				</control>
				<control type="panel" id="501">
					<!-- 一级导航来源选择列表 -->
					<visible>Control.IsVisible(500)</visible>
					<posx>16</posx>
					<posy>80</posy>
					<width>120</width>
					<height>560</height>
					<onleft>-</onleft>
					<onright>-</onright>
					<onup>-</onup>
					<ondown>-</ondown>
					<scrolltime>200</scrolltime>
					<itemlayout height="50" width="115">
						<control type="image">
							<posx>0</posx>
							<posy>0</posy>
							<width>115</width>
							<height>35</height>
							<texture background="true">button-nofocus.png</texture>
						</control>
						<control type="label">
							<posx>0</posx>
							<posy>0</posy>
							<width>115</width>
							<height>35</height>
							<font>font16</font>
							<textcolor>white</textcolor>
							<selectedcolor>FF004AFF</selectedcolor>
							<align>center</align>
							<aligny>center</aligny>
							<info>ListItem.Label</info>
							<scroll>no</scroll>
						</control>
					</itemlayout>
					<focusedlayout height="50" width="115">
						<control type="image">
							<width>115</width>
							<height>35</height>
							<posx>0</posx>
							<posy>0</posy>
							<texture>button-focus.png</texture>
						</control>
						<control type="label">
							<posx>0</posx>
							<posy>0</posy>
							<width>115</width>
							<height>35</height>
							<font>font16</font>
							<textcolor>white</textcolor>
							<selectedcolor>FF004AFF</selectedcolor>
							<align>center</align>
							<aligny>center</aligny>
							<info>ListItem.Label</info>
						</control>
					</focusedlayout>
				</control>
			</control>
		</control>

</controls>
</window>
